<?xml version="1.0"?>
<presentation title="城市" width="960.0000000" height="540.0000000" thmbWidth="0.0000000" thmbHeight="0.0000000" frameRate="24.0000000" looping="0" startingSlideShow="" pptVersion="2010" type="compound" hasExternalAudio="0" uid="{35DBB024-6709-4EA2-AE92-0EE40B915998}">
	<presenters/>
	<references/>
	<soundAssets/>
	<sharedAssetsLibrary src="assets.swf"/>
	<graphicAssets/>
	<playlists/>
	<narration/>
	<settings>
		<navigation>
			<keyboard enabled="1">
				<actions>
					<action name="playPause">
						<shortcut code="32" control="0" shift="0"/>
					</action>
					<action name="nextSlide">
						<shortcut code="34" control="0" shift="0"/>
					</action>
					<action name="previousSlide">
						<shortcut code="33" control="0" shift="0"/>
					</action>
					<action name="nextStep">
						<shortcut code="13" control="0" shift="0"/>
					</action>
					<action name="previousStep">
						<shortcut code="13" control="0" shift="1"/>
					</action>
					<action name="firstSlide">
						<shortcut code="36" control="1" shift="0"/>
					</action>
					<action name="lastSlide">
						<shortcut code="35" control="1" shift="0"/>
					</action>
					<action name="lastViewedSlide">
						<shortcut code="8" control="0" shift="0"/>
					</action>
					<action name="slideStart">
						<shortcut code="36" control="0" shift="0"/>
					</action>
					<action name="slideEnd">
						<shortcut code="35" control="0" shift="0"/>
					</action>
					<action name="seekForward">
						<shortcut code="39" control="0" shift="0"/>
					</action>
					<action name="seekBackward">
						<shortcut code="37" control="0" shift="0"/>
					</action>
					<action name="volumeUp">
						<shortcut code="38" control="0" shift="0"/>
					</action>
					<action name="volumeDown">
						<shortcut code="40" control="0" shift="0"/>
					</action>
					<action name="toggleFullscreen">
						<shortcut code="70" control="1" shift="0"/>
					</action>
				</actions>
			</keyboard>
			<mouse enabled="1" target="step"/>
			<gesture zoom="1"/>
		</navigation>
		<appearance fullScreen="1" showSlidePreloader="1"/>
		<playback autoStart="1" syncWithVideoNarration="1" enableVideoControl="1" resumePresentationPlayback="never"/>
	</settings>
	<slides embedded="0">
		<slide index="0" title="" titleNormalized="" src="slide1.swf" size="5661" advanceOnTime="0" framesCount="1" hasEmbeddedFlashClip="0" hidden="0" level="0" advanceOnClick="1" thumbnailAssetId="">
			<sounds/>
			<videos/>
			<transitionEffect name="" duration="0.0000000" soundId="" looped="0"/>
			<soundCommands/>
			<videoCommands/>
			<animationSteps>
				<step start="0" end="0" playTime="0.0010000" pauseTime="0.0000000"/>
			</animationSteps>
			<notes/>
			<notesNormalized/>
			<notesHtml/>
			<text>201X
Lorem ipsum dolor sit amet, consectetur adipiscing elit. Ut efficitur ipsum vitae tortor accumsan, a pulvinar
简约大气商务模板
汇报人：Kevin刘匠</text>
		</slide>
		<slide index="1" title="" titleNormalized="" src="slide2.swf" size="5579" advanceOnTime="0" framesCount="1" hasEmbeddedFlashClip="0" hidden="0" level="0" advanceOnClick="1" thumbnailAssetId="">
			<sounds/>
			<videos/>
			<transitionEffect name="" duration="0.0000000" soundId="" looped="0"/>
			<soundCommands/>
			<videoCommands/>
			<animationSteps>
				<step start="0" end="0" playTime="0.0010000" pauseTime="0.0000000"/>
			</animationSteps>
			<notes/>
			<notesNormalized/>
			<notesHtml/>
			<text>输入标题内容
Lorem ipsum dolor sit amet, consectetur adipiscing elit. Ut efficitur ipsum vitae tortor accumsan, a pulvinar lorem lacinia. 
01
THE PART</text>
		</slide>
		<slide index="2" title="输入标题内容" titleNormalized="输入标题内容" src="slide3.swf" size="15669" advanceOnTime="0" framesCount="157" hasEmbeddedFlashClip="0" hidden="0" level="0" advanceOnClick="1" thumbnailAssetId="">
			<sounds/>
			<videos/>
			<transitionEffect name="FadeSmoothly" duration="0.7000000" soundId="" looped="0"/>
			<soundCommands/>
			<videoCommands/>
			<animationSteps>
				<step start="0" end="156" playTime="6.5000000" pauseTime="0.0000000"/>
			</animationSteps>
			<notes/>
			<notesNormalized/>
			<notesHtml/>
			<text>输入标题内容
3
输入标题
输入标题
输入标题
点击此处添加文本信息。标题数字等都可以通过点击和重新输入进行更改，顶部“开始”面板中可以对字体、字号、颜色、行距等进行修改。
输入标题
点击此处添加文本信息。标题数字等都可以通过点击和重新输入进行更改，顶部“开始”面板中可以对字体、字号、颜色、行距等进行修改。
输入标题
输入标题
输入标题
输入标题
输入标题
输入标题
输入标题</text>
		</slide>
		<slide index="3" title="输入标题内容" titleNormalized="输入标题内容" src="slide4.swf" size="90383" advanceOnTime="0" framesCount="73" hasEmbeddedFlashClip="0" hidden="0" level="0" advanceOnClick="1" thumbnailAssetId="">
			<sounds/>
			<videos/>
			<transitionEffect name="FadeSmoothly" duration="0.7000000" soundId="" looped="0"/>
			<soundCommands/>
			<videoCommands/>
			<animationSteps>
				<step start="0" end="72" playTime="3.0000000" pauseTime="0.0000000"/>
			</animationSteps>
			<notes/>
			<notesNormalized/>
			<notesHtml/>
			<text>4
输入标题内容
标题
Site your text here for better result.
标题
Site your text here for better result.
输入标题
点击此处添加文本信息。标题数字等都可以通过点击和重新输入进行更改，顶部“开始”面板中可以对字体、字号、颜色、行距等进行修改。建议正文10号字，1.3倍字间距。
输入标题
点击此处添加文本信息。标题数字等都可以通过点击和重新输入进行更改，顶部“开始”面板中可以对字体、字号、颜色、行距等进行修改。建议正文10号字，1.3倍字间距。</text>
		</slide>
		<slide index="4" title="输入标题内容" titleNormalized="输入标题内容" src="slide5.swf" size="14242" advanceOnTime="0" framesCount="133" hasEmbeddedFlashClip="0" hidden="0" level="0" advanceOnClick="1" thumbnailAssetId="">
			<sounds/>
			<videos/>
			<transitionEffect name="FadeSmoothly" duration="0.7000000" soundId="" looped="0"/>
			<soundCommands/>
			<videoCommands/>
			<animationSteps>
				<step start="0" end="132" playTime="5.5000000" pauseTime="0.0000000"/>
			</animationSteps>
			<notes/>
			<notesNormalized/>
			<notesHtml/>
			<text>输入标题内容
输入
标题
请输入标题
标题数字等都可以通过点击和重新输入进行更改。
输入标题
标题数字等都可以通过点击和重新输入进行更改。
输入标题
标题数字等都可以通过点击和重新输入进行更改。
输入标题
标题数字等都可以通过点击和重新输入进行更改。
输入标题
标题数字等都可以通过点击和重新输入进行更改。
输入标题
标题数字等都可以通过点击和重新输入进行更改。
输入标题
标题数字等都可以通过点击和重新输入进行更改。
输入标题
标题数字等都可以通过点击和重新输入进行更改。
5</text>
		</slide>
		<slide index="5" title="输入标题内容" titleNormalized="输入标题内容" src="slide6.swf" size="10712" advanceOnTime="0" framesCount="109" hasEmbeddedFlashClip="0" hidden="0" level="0" advanceOnClick="1" thumbnailAssetId="">
			<sounds/>
			<videos/>
			<transitionEffect name="FadeSmoothly" duration="0.7000000" soundId="" looped="0"/>
			<soundCommands/>
			<videoCommands/>
			<animationSteps>
				<step start="0" end="108" playTime="4.5000000" pauseTime="0.0000000"/>
			</animationSteps>
			<notes/>
			<notesNormalized/>
			<notesHtml/>
			<text>输入标题内容
输入标题
标题数字等都可以通过点击和重新输入进行更改。
输入标题
标题数字等都可以通过点击和重新输入进行更改。
输入标题
标题数字等都可以通过点击和重新输入进行更改。
输入标题
标题数字等都可以通过点击和重新输入进行更改。
输入标题
标题数字等都可以通过点击和重新输入进行更改。
输入标题
标题数字等都可以通过点击和重新输入进行更改。
6</text>
		</slide>
		<slide index="6" title="输入标题内容" titleNormalized="输入标题内容" src="slide7.swf" size="28996" advanceOnTime="0" framesCount="193" hasEmbeddedFlashClip="0" hidden="0" level="0" advanceOnClick="1" thumbnailAssetId="">
			<sounds/>
			<videos/>
			<transitionEffect name="FadeSmoothly" duration="0.7000000" soundId="" looped="0"/>
			<soundCommands/>
			<videoCommands/>
			<animationSteps>
				<step start="0" end="192" playTime="8.0000000" pauseTime="0.0000000"/>
			</animationSteps>
			<notes/>
			<notesNormalized/>
			<notesHtml/>
			<text>输入标题内容
输入标题
标题数字等都可以通过点击和重新输入进行更改。
输入标题
标题数字等都可以通过点击和重新输入进行更改。
输入标题
标题数字等都可以通过点击和重新输入进行更改。
输入标题
标题数字等都可以通过点击和重新输入进行更改。
7
PPT模板下载：www.1ppt.com/moban/ 行业PPT模板：www.1ppt.com/hangye/ 
节日PPT模板：www.1ppt.com/jieri/ PPT素材下载：www.1ppt.com/sucai/
PPT背景图片：www.1ppt.com/beijing/ PPT图表下载：www.1ppt.com/tubiao/ 
优秀PPT下载：www.1ppt.com/xiazai/ PPT教程： www.1ppt.com/powerpoint/ 
Word教程： www.1ppt.com/word/ Excel教程：www.1ppt.com/excel/ 
资料下载：www.1ppt.com/ziliao/ PPT课件下载：www.1ppt.com/kejian/ 
范文下载：www.1ppt.com/fanwen/ 试卷下载：www.1ppt.com/shiti/ 
教案下载：www.1ppt.com/jiaoan/ PPT论坛：www.1ppt.cn
</text>
		</slide>
		<slide index="7" title="" titleNormalized="" src="slide8.swf" size="5581" advanceOnTime="0" framesCount="1" hasEmbeddedFlashClip="0" hidden="0" level="0" advanceOnClick="1" thumbnailAssetId="">
			<sounds/>
			<videos/>
			<transitionEffect name="" duration="0.0000000" soundId="" looped="0"/>
			<soundCommands/>
			<videoCommands/>
			<animationSteps>
				<step start="0" end="0" playTime="0.0010000" pauseTime="0.0000000"/>
			</animationSteps>
			<notes/>
			<notesNormalized/>
			<notesHtml/>
			<text>输入标题内容
Lorem ipsum dolor sit amet, consectetur adipiscing elit. Ut efficitur ipsum vitae tortor accumsan, a pulvinar lorem lacinia. 
01
THE PART</text>
		</slide>
		<slide index="8" title="" titleNormalized="" src="slide9.swf" size="5651" advanceOnTime="0" framesCount="1" hasEmbeddedFlashClip="0" hidden="0" level="0" advanceOnClick="1" thumbnailAssetId="">
			<sounds/>
			<videos/>
			<transitionEffect name="" duration="0.0000000" soundId="" looped="0"/>
			<soundCommands/>
			<videoCommands/>
			<animationSteps>
				<step start="0" end="0" playTime="0.0010000" pauseTime="0.0000000"/>
			</animationSteps>
			<notes/>
			<notesNormalized/>
			<notesHtml/>
			<text>END
Lorem ipsum dolor sit amet, consectetur adipiscing elit. Ut efficitur ipsum vitae tortor accumsan, a pulvinar
谢谢观看！
汇报人：Kevin刘匠</text>
		</slide>
		<slide index="9" title="" titleNormalized="" src="slide10.swf" size="239574" advanceOnTime="1" framesCount="1" hasEmbeddedFlashClip="0" hidden="0" level="0" advanceOnClick="0" thumbnailAssetId="">
			<sounds/>
			<videos/>
			<transitionEffect name="" duration="0.0000000" soundId="" looped="0"/>
			<soundCommands/>
			<videoCommands/>
			<animationSteps>
				<step start="0" end="0" playTime="0.0010000" pauseTime="0.0000000"/>
			</animationSteps>
			<notes/>
			<notesNormalized/>
			<notesHtml/>
		</slide>
		<slide index="10" title="" titleNormalized="" src="slide11.swf" size="77875" advanceOnTime="0" framesCount="1" hasEmbeddedFlashClip="0" hidden="0" level="0" advanceOnClick="1" thumbnailAssetId="">
			<sounds/>
			<videos/>
			<transitionEffect name="" duration="0.0000000" soundId="" looped="0"/>
			<soundCommands/>
			<videoCommands/>
			<animationSteps>
				<step start="0" end="0" playTime="0.0010000" pauseTime="0.0000000"/>
			</animationSteps>
			<notes/>
			<notesNormalized/>
			<notesHtml/>
			<text>PPT模板下载：www.1ppt.com/moban/ 行业PPT模板：www.1ppt.com/hangye/ 
节日PPT模板：www.1ppt.com/jieri/ PPT素材下载：www.1ppt.com/sucai/
PPT背景图片：www.1ppt.com/beijing/ PPT图表下载：www.1ppt.com/tubiao/ 
优秀PPT下载：www.1ppt.com/xiazai/ PPT教程： www.1ppt.com/powerpoint/ 
Word教程： www.1ppt.com/word/ Excel教程： www.1ppt.com/excel/ 
资料下载： www.1ppt.com/ziliao/ PPT课件下载：www.1ppt.com/kejian/ 
范文下载： www.1ppt.com/fanwen/ 试卷下载： www.1ppt.com/shiti/ 
教案下载： www.1ppt.com/jiaoan/ PPT论坛： www.1ppt.cn 
可以在下列情况使用
不限次数的用于您个人/公司、企业的商业演示。
拷贝模板中的内容用于其它幻灯片母版中使用。
不可以在以下情况使用
用于任何形式的在线付费下载。
收集整理我们发布的免费资源后，刻录光碟销售。</text>
		</slide>
	</slides>
</presentation>
